text_blob,actual_latitude,actual_longitude,pred_latitude,pred_longitude
10601 trucks entering and exiting new horizen academy havana easter new horizen academy do not enter speed limit 35 speed limit 45 top golf sidewalk closed ahead 320 for lease rampart center inova dry creak road work ahead embasy suits stop 3033282056,39.587805555555555,-104.86680555555554,39.59725491661669,-104.87285428180749
tribe tattoo denver public library thunderbird man branch library masajes sobador pay here beware of snow and ice passing through these premises is prohibited one way one way el taco del mexico adopt a stop mystop el taco de mexico authentic mexican food specials el taco de mexico denver art society art district on santa fe,39.727333333333334,-104.99866666666668,39.72471681493824,-104.99481019851417
republic services caution caution caution caution caution caution customer parking no parking tow away zone private pakring no trespassing private parking manager parking only manager parking only fire alarm panel inside fire riser inside 38th ave 2000 e race st no parking any time tow away zone street sweeping p this side 2nd tuesday april thru nov 8am 5pm tow away zone coleman no parking any time tow away zone,39.769333333333336,-104.96341666666667,39.764603846649116,-104.96394649267441
eternity beauty salon monty nuss photography wangs gourmet las delicias dog grooming this buds for you liquor sunset strip beer wine beachcomber hair salon pet salon moon spa out of breath sports retail for lease for sale the castle bar and grill pho broadway american auto enhancement colorado medical health trainig oasis business broker mannings steaks spirits now open highline professional center developed by turnmar speed limit 25 no parking anytime tow away zone 2 west dry creek circle ascencia farmers insurance highline family dentistry pc left turn must turn left archer financial group erik polmberg dds pllc health financial inc littleton village everything must go rock shop everything must go 3050 off everything must go rock shop everything must go 3050 off please do not enter culvers culvers befort plumbing and heating befort plumbing and heating available rollert avery companies inc,39.59511111111112,-104.98825,39.60471534303331,-104.98340153094807
we buy gold colfax pawn casa de epeno joyeria open 10 pawns 10 loans atm jewelers excellent personal home care unique properties for sale house of beauty openen pawn jumping cash jack come one in we are open to loan you money jumping cash jack toegether seguros a city wide insurance agency obtenga mas informacion somber su medicare vas a complur 65 tenemos un plan para ti segura medico de bajo costco divas hair studio azalek tattoos lowlights extensions highlights hair color barber call stylist hair cuts citas makeuakeup,39.74022222222222,-104.87527777777775,39.733569820134974,-104.88607328076007
right lane only use crosswalk do not enter costco wholesale yield loaf n jug stateserv medical denver intl airport second right tollway exit 45 mph colo spgs limon 14 mile exit only speed limit 45 trader joes trader joes paris baguette orthodontics zao asian cafe cottonwood drive next signal mattressfirm,39.55455555555555,-104.77780555555556,39.56471801704083,-104.78955785448359
coors field one way blake st 1500 one way notice please do not place encumbrances in the public right of way the city will remove all items encumbering the public space in this area i25 e express lanes road work ahead home plate the player home plate cr cr cr cr win a 2000 scholarship colorado mesa university coloradomesaeducoke coca cola blake st 20th st i25 hov 3 bicycle parking only all times painting with a twist denver bikeway to lower downtown 1948 blake gate b ballpark museum national ballpark museum open chfa escape room now open escapeworksdenvercom reserved parking 4 hour limit all other times reserved parking 4 hour limit all other times blu river for sale beta billboard rolling stone usa today voodoo ranger ipa party like its 1985 70 colorado beers on tap denver bikeway highlands nbhd 08 central bd 03 union station 04 no parking anytime tow away zone no parking anytime tow away zone the ride pay here in advance no free parking focus parking westword westword p budweiser public parking parkwell 12 flat rate before 4pm 20 flate rate after 4pm pay here payment instructions public parking express lane hov 3 no toll with expresstoll express lane 20th st 2000 one way,39.75436111111111,-104.99425,39.74913773775796,-104.99288053848058
olive garden trader joes one way street sign dutch bros first watch urban air gunther toodys diner park view pediatrics mesa latin kitchen color me mine via 313 escape the room denver southwest plaza mythic games big daddys burger bar rice n roll happy pho epic mountain gear rei swimming pool sunflower speech first watch us bank nekter legend teriyaki madness jimmy johns garbanzo longhorn mesa learning information mckinney piazza de carlo michelle de carlo state farm insurance and financial services office hours bowles crossing vasa ross trader joes burlington dsw five below corvus the lake house kitchen tavern restore 100 chiropractic yoga stx stop handicapped parking floor decor beau visage skin care spa eye glass world get 2 pairs for 99 music go round pho basil le peep amc,39.60969444444444,-105.09138888888889,39.61452776663105,-105.07521745568647
road work ahead douglas county library downtown right lane must turn right parker town hall pace center jeff toborg south metro fire station 41 mainstreet pine,39.518388888888886,-104.75361111111113,39.53109505437664,-104.76486148562945
cosmo beauty academy for lease 7202186034 lash brows mexico federal united beauty college united beauty college cosmo yard sale stop 1701 family practice san antonio medical center monclova law sunrise realty financing sunrise lending llc van phong bao hiem insurance seguros phat tran llc tax immigration services speed limit 40 school zone fines doubled 6am to 9pm,39.68594444444444,-105.02502777777778,39.681841982556186,-105.01718067786723
16th street mall pedestrians and authorized vehicles only overland sheepskin cheesecake factory christian science reading room 16th street mall one way do not block sign road work ahead road work ahead walk your bike no scooters segways rollerblades mopeds skateboards any time no parking anytime wwwoverlandcom lime bike lamier place condominums clearance 76 the ups store fed ex car university of the rockies tabor center chase atm,39.74922222222222,-104.99744444444444,39.74302788572252,-104.99146707399467
famous daves target red robin e briarwood cir marcos pizza european wax center pokecity mreyedrod panera bread ross dress for less redstone bank eat fit go golden corral buffet grill additonal parking stop 3 way davidsons beer wine spirts celebrity wines alpine green dumpster waste and recycling 3037449881 les schwab tire center sema construction truck lady janes haircuts for men,39.594972222222225,-104.82105555555556,39.60222047747734,-104.83494430551364
tobins liquor liquor tobins liquor jose cuervo especial fireball whisky available cold the macallan fat tire michelob ultra low car light beer odell high noon open warning security cameras in use riki cutwater real spirits real cocktails budlight bud light baby kids food that goes the distance little spoon littlespooncom outfront savmore auot sales 8920633 4120 savmore auto sales no parking any time tow away zone buses only business access the ride m mcdonalds detour sidewalk closed no parking any time tow away zone street sweeping p this side 2nd tuesday april thru nov 8am 5pm tow away zone welcome amazing moves 1 hr parking 8am 6pm sun hol excl street sweeping p this side 2nd wednesday apr thru nov 8am 5pm tow away zone citywide speed limit 20 unless otherwise posted quitman st street sweeping p this side 2nd wednesday apr thru nov 8am 5pm tow away zone no parking any time tow away zone w colfax ave 1500 n one way no parking any time tow away zone no loitering soliciting trespassing stop west colfax downtown 33 slaons lake park 02 lakewood gulch 03 atd adoptaspot keep denver beautiful program adopted by the romerojones family denver health sloans lake primary care center walk ride roll support local businesses during construction denver health please use main entrance notice no trespassing the ride notice honey bucket perry st station honey bucket honey bucket welcome m no parking any time no smoking warning 24hour surveillance p short term drop off only no smoking street sweeping p this side 3rd wednesday apr thru nov 8am 5pm tow away zone no parking any time tow away zone notice notice no trespassing loitering soliciting on this property street sweeping p this side 3rd wednesday apr thru nov 8am 5pm tow away zone no parking any time tow away zone delivery kroger order groceries on line proudly serving king soopers kroger delivery proudly serving king soopers order groceries no parking any time tow away zone no trespassing no litering trespassing do not enter one way harmony apts 1545 quitman street sweeping p this side 3rd tuesday apr thru nov 8am 5pm tow away zone no parking any time tow away zone street sweeping p this side 3rd wednesday apr thru nov 8am 5pm tow away zone no parking any time tow away zone road work ahead passenger loading only all times 20 minute parking loading and unloading only illegally parked vehicles will be towed at vehicle owners expense and srisk fdc no parking loading zone,39.74041666666667,-105.04052777777778,39.737609058678984,-105.01692038761276
dip yamaha home theater parasound open marantz finest in stereo home theater pro demo sale 20 to 50 off 210 year warranty gold sound fine audio home theatre gold sound since 1976 home theater stereo pro audio video new guaranteed used wwwgoldsoundnet gold sound since 1976 home pro commercial speakers electronics 4285 s broadway,39.63858333333333,-104.98780555555555,39.641873816299025,-104.98144316713507
street hate tattoo museo de la americas apex real estate vfw post 1 for lease car wash long live andrea interiors threyda elavated metaphysical,39.73052777777778,-104.99863888888888,39.725710958750106,-104.99248528688908
mcdonalds tamale kitchen canton chinese restaurant yogurt land littleton burger king taco bell dunkin walgreens devil dog brew king soopers chuck and dons pet supply morning star assisted living starbucks comfort dental braces littleton advance auto parts healthy leather bouton veterinary hospital belleview west animal hospital redrocks fellowship goodwill store west hill grill yogurtland littleton hr block dairy queen grill chill starbucks coffee company pmi little town 1st bank safeway dq grill chill hr block boba zone canton chinese restaurant brazilian jiu jitsu animal hospital kipling marketplace unleaded diesel safeway safeway safeway reddy ice bluedef firewood shop at safeway save at the pump wells fargo wells fargo wells fargo wells fargo wells fargo wells fargo wells fargo wells fargo wells fargo wells fargo wells fargo comfort dental braces braces 99 per month with our gold plan no down payment 99month with our gold plan 3039338464 saucys pizza dining room now open come join us today open pizza calzones pasta sandwiches salads family owned since 2001 order online at mysaucyspizzacom saucys 3039048800 dinein pickup free delivery lunch menu monfri 113 dinein pickup only now hiring saucys tamale kitchen open dinein takeout catering burritos tostadas enchiladas chile rellenos supplement giant sunday 126 monday 108 tuesday 108 wednesday 108 thursday 108 friday 108 saturday 106 live giant open facp inside low carb meals lean kitchen company delicious meals for onthego perfect portions no added sugar no preservatives never frozen reserved parking liquors blue moon bud light seltzer black cherry black cherry black cherry lemon lime lemon lime lemon lime strawberry strawberry strawberry mango mango mango ice cold mdoel sold here coors light enjoy like a pro 1399 12 pack new belgium brewing 1049 6 pks come in for cold coors lgiht coors light coors light open open bud light open miller high life we wholesale wwwtherevivecbdcom revive cbd mondaysaturday 107 sunday 125 cbd tinctures concentrates edibles capsuls cbd for pets lotions balms bath bombs free samples,39.62427777777778,-105.11002777777776,39.62808962686236,-105.09149315554923
ralph l carr colorado judicial center fransen pittman jurrasic oceans nature and science museam republic waste no parking james merrick state parking facility denver and rio grand railway express restricted lane right lane must turn right equinox go contactless 2 east 14th avenue super duty catch you soon domocoracy for all no more evil regimes monsters of the deep democoracy for iran          south broadway christian church sun 10 a no exceptions just love happy pride denver art museum denver art museum,39.73847222222222,-104.98613888888887,39.73045142301655,-104.97746752740707
time offline bargain house tasty thai theride nob hill inn dumans jonnys market the great wall mcdonalds buddies charity beer bust la abeja resteraunt wings and things marthas beauty salon jacks market cityvet car crash attorney sweat hot yoga sculpt cycling bourbon grill rental sales dumans custom tailoring formal wear uniforms no parking great wall chinese food la abeja restaurant cos tortas buddies charity beer bust mcdonalds coors light private property loading only,39.740027777777776,-104.98108333333332,39.73309138757207,-104.97838354472486
lazboy stanley steemer wild birds unlimited,39.66777777777777,-105.08147222222222,39.66856767551886,-105.06788645784536
pho 95 vectra bank family dollar gen x vietnamese restaurant playa azul new western mortgage mais tax prep law office churchs chicken cakeland conoco fastlunch dinner large washers panaderia las delicias toro taxes us bank federal security service checks cashed,39.69102777777778,-105.02508333333331,39.688025363933804,-105.01963930758059
bicycles dog grooming martial arts giant centinnial liv house of meats lovett family chiropractic zaris intl market and halal meat my favorite muffin your all day bakery cafe my favorite muffin perfectly delicously uniquily delighful sushi kazu alterations critter care animal hospital stinker sinclair chipotle inchins bamboo garden pan asian cusine subway dog haus arapahoe buisness park for lease jll s peoria st arapahoe rd,39.595083333333335,-104.84816666666666,39.60184133719209,-104.85898918781348
one way traffic wingstop thrive where flavor gets its wings uptown healthcare district 1984 1982 near near near near colorado strong ahead pv solar array benedict park place school speed limit 20 when flashing in memory of denver police officer pasquale c marinare 50th anniversary childrens museum,39.7475,-104.97830555555556,39.73884443318017,-104.97524895766665
s logan st kentucky ave stop road closed to thru traffic                ,39.70027777777778,-104.98280555555556,39.69874326481652,-104.97741687564627
arapahoe road right lane must turn right cushman wakefield available 20000 350000 sf 720 987 8954 tyler smith alec rhodes aaron valdez chase speed limit 35 firebowlcafe snappy nails mahnasium chicago mikes available david hicks lampert 3036946082 probation department for lease 720 528 6300 arapahoe county lima plaza 69046984 south lima street motor vehicle road work ahead right lane must turn right fedex fedex office dance dentist craft beer for sale linclon executive center,39.59502777777778,-104.8574722222222,39.59193208061275,-104.8615655350678
federal evans burger king tmobile sinclair philips 66 fred loya insurance wendys dinocare chase wing stop nails supplies hunt brothers pizza atm subway top line metro by tmoblie atlantic dental right lane ends whole child compass academy,39.678666666666665,-105.02505555555555,39.67660414732039,-105.01495788577323
wells fargo westin optiv road work ahead alfagraphics no parking anytime beer garden pcl united denver zoo one way stop here on red idependence plaza juice kitchen bobcat gates detour bay 1 bay 2,39.74783333333333,-104.99566666666666,39.741487076420974,-104.99628913085378
dairy queen big o tires tacos selene hotpot den kippling place shopping center praise church las fajitas mexican restaurant light of the world catholic church west metro fire station india nepal oven red rocks church pho 9 jins asian bistro wave the grain bakery natkan cafe rice n roll gyros and grill southwest plaza farmers market starbucks professional violin shop bowles living ace hardware rental paint cindys gifts chiropractic mountain man nut fruit co florist thai bistro great clips liquors open ultra coors coors kipling place liquor great clips open open open tacos selene authentic mexi eaten in take out we cater 303972 0905 open exit only open kay kare nails eyelash extensions nails walkins welcome eyelash extensions reserved parking customer parking only customer parking only come in open water source purified water fresh water salon palazzo hair extensions waxing skin care nails salon palazzo hair pizza blackjack pizza salads handcrafted crunchy crust smothered in cheese pizzas employee entrance blackjackpizzacom 3039791996 blackjack pizza salads desserts wings calzones desserts salads blackjackpizzacom 3039791996 blackjackpizzacom 3039791996 chens kitchen authentic taiwanese food 30 minute parking between signs 30 minute parking between signs 30 minute parking between signs 24 hour fitness 24 hour fitness elvis cinemas cinema lyle lyle crocodile amsterdam halloween ends clerks 3 smile top gun maverick hanebrinks insurance laptop pc repair wing street pizza hut lidc irrigation landscape garden grow open flammable amerigas propane propane bump jumpstreet root beer bar old crows antiques stop entrance peoples kenpo karate call for our back to school specials 3039332211 open 3039332211 bathshower remodel massage cleaners liberty tax now open open alteration dry cleaning shirts laundry we do draper leathersuede down comforter oriental professional alterations pearl spa open 7 days 9am9pm massage open massage 7208509858 concealed handgun classes 7209842024 open say hello to deepblue tax information drop off nails nails spa open open open curbside pickup text hut to 3039731651 new ovenbaked pastas try all 4 of our ovenbaked pastas new melts 699 alpine animal hospital open wine liquors open mountain time 12pack cans 1399 grab keystone light to share 1899 30 pack cans five trail american whiskey 5999 750 ml bottle mountain time means game time keep it twisted dales pale ale coors light irish red coors light not free packaged ice ice happy hound wheatley vodka miles ten high kentucky southern comfort original tuca fireball yukon jack platinum silver tequila canadian hunter rocky mountain hair design walk ins welcome happy hound above beyond sewing vacuum open walgreens cvs pharmacy drivethru pharmacy lawn and garden big o tires,39.60969444444444,-105.1099722222222,39.6147707952969,-105.08671106140659
macys steel st ellsworth ave turning vehicals to only stop here on red speed limit 20 bmo cherry creek parking east deck valet macys furniture gallery the container store       ,39.71627777777778,-104.94988888888888,39.713302016896854,-104.95204378805568
    mcdonalds ponchos comfort dental breakfast lunch dinner bud licking boldness coin laundrylavanderia dominos large 3toppings for 799 cigarettes conveniance store denver ink commercial and residential contractors estlistas latinas aob massage big o tires viva taxes more tires wheels alignment,39.68230555555555,-105.02508333333331,39.68316927094363,-105.01652758990204
studio strawberry mountain atax sushi rocky my hair trip pop gallery boho rugs garage vintage green drink 24 hour public parking the zone green lady gardens art district antiques rocky yama sushi wong strauch architects grease monkey frank azar freakys art district,39.72894444444445,-104.99858333333331,39.723524595347946,-104.9938114895201
denvers favorite burgers stop lif is an art cherry creek north north italia stop pedestrian crossing cooked so good directory stop aon          ,39.71941666666667,-104.95586111111112,39.71529851947505,-104.95216748917674
good times burgers frozen custard suns out buns out bbq bacon burger baskin robins belco pilling 66 red carpet 20 precent off brakes plus we do it all,39.696555555555555,-104.86602777777776,39.69329585097184,-104.87538868720686
lucky u motel 4575 office ace hardware welcome weber ace the helpful place ace the helpful place we fill propane outdoor living flamable no smoking tufts av w 4600 s 7 eleven conoco regular 319 910 diesel 329 910 7 eleven fedex conoco 359561 discount liquor open 1799 liquor open 8am to 12am pnc bank pnc bank 493 480 all colorado radon free testing 7207624556 pro tax 3037613348 4626 pro tax outfront back with a splash this summer denver zoo conservation alliance get tickets 2154 outfront injured get paid genco injury attorneys quincy cleaners one hour service open quincy cleaners e fluf fyour p ow s o pen 7 to 6 drive up cherrelyn animal hospital 4690 4690 cherrelyn animal hospital full service boarding 12606 stop momentum of denver m momentun of denver 7207280000 wwwmomentumofdenvercom subway bigrefresh now hr ing subway 4696 circle k unleaded credit 319 910 diesel 329 910 readyice circle k denver crown auto 7203002223 4530 crown auto speed limit 35 2 hr parking 9 am5 pm sat sun hol excluded 469 989 denver crown auto no soliciting 4520 2 hr parking 9 am5 pm sat sun hol excluded 443 15 warren associates inc of colorado pinpoint systems inc pinpoint systems inc all american reptile plant show april 26th 27th join ed emily with snake discovery douglas county fairgrounds denverreptileshowcom deadly deadly dont drive distracted eyes forward nhtsa milwaulkee ace dewalt warning 24hour surveillance speed limit 25 one way,39.63313888888889,-104.98786111111112,39.636415137771614,-104.98287281450163
the pza pizzeria pizza closed colorado historic district tattoo expo and fest national western complex live tattooing all weekend tattoo competition,39.72577777777778,-104.99858333333331,39.724288268705486,-104.99532648918337
quebec st the ride lawrence fence,39.70688888888889,-104.90347222222223,39.70756232675215,-104.90741197015207
cambios d cheques envios d dinero enva botanica san judas cambios d cheques puaas y spa top art nails envios d dinero amarres limpias lectures de cartas vidente se hacen amarres limpias y mas se hacen consultas barrias veladoras aceites incienzo llame ahorita para su cita tacos al vapor machetes birria mercado 15 downtown taco bell,39.74016666666667,-104.86341666666668,39.73392403316745,-104.86829063909587
1700 illegible exit only do not enter 19th street 1900 one way parking open 24 hours only only only only busses excepted california st 700 no turn on red 44 wheat ridge rtd the ride westword no rear attachments allowed in garage includes bike tire and ski parker is responsible for any damage to property entrance clearance 66 after hours use stout street entrance entrance clearance 66 clearance 66 clearance 66 united states bankrupcy court no parking anytime tow away zone one way train only do not enter want to be catholic tuesdays 630pm westword the ride no parking anytime tow away zone street sweeping this side 2am 6am tuesday and thursday tow away zone new to the zoo gorilla trek vr experience 2 hour limit 2 hour limit 2 hour limit speed limit 25 no parking anytime tow away zone street sweeping illegible tow away zone no parking anytime tow away zone right lane must turn right plaza parking parking open 24 hours entrance clearance 610 entrance temporarily closed exit only exit only,39.747972222222224,-104.98858333333334,39.74338776746026,-104.98648501194116
one way toll south e470 do not enter do not enter one way toll north e470 do not enter colorado air and space port 56 street windler try pointe,39.79830555555555,-104.78691666666668,39.78490784321803,-104.80207480210962
fired cannabis dia international market taco bell lowes mcdonalds el molina bakery top pho lotus school for excellence havana sign schomp hyundai common ground golf course walgreens jetts pizza dozens fat boys bar and grill rita starbucks citibank atm 7eleven perlmutter christine m pinewood lodge,39.736472222222226,-104.86583333333331,39.72504020725812,-104.8777289150992
gamma gallery lemonade house 23 clearance 70 grant park commercial parking by permit only grant park commercial parking by permit only stop posted no trespassing p go contactless park pay with the paybyphone app no parking any time tow away zone passenger loading only all times passenger loading only all times warning protected by video grant park condominium private property private property no trespassing violators will be prosecuted mobile crime scene unit sheriff adams county mobile crime scene unit sheriff adams county 911 911 emergency lyft bikes and scooters ram 2500 were hiring d9 d9 no parking any time tow away zone private parking wyatts towing pizza 314 200 e sherman st permit parking denver public schools parking only all others will be towed at owners expense street sweeping p this side 1st wednesday apr thru nov 8am 12noon tow away zone huevo7 wf2 d9 20th welton lrt 01 no parking any time tow away zone street sweeping p this side 1st tuesday apr thru nov 8am 12noon tow away zone two way traffic 20th ave 2000 n passenger loading only all times no parking any time tow away zone private parking local aid society spaces 5 39 lau cho pc 40 50 private parking wyatts towing united states postal service united states postal service lau choi pc attorneys at law passenger loading only 7am 6pm sun hol exc pay here pay here early bird special 11 in berfore 930am expit before 8pm monday friday  the aldha child,39.74755555555556,-104.98486111111112,39.742472118990804,-104.98916253831582
tacos y tortas carnitas el amarillo sanderson gulch trail torres mexicon food star kitchen pho buy denver 0 lien kitchen napa auto parts bakers palace far east center el coco pirata the empress seafood restaurant la villa real sleeping giant brewing company barnum dog park nosh catering denver fire station secular hub corner house pizza denver concrete and landscaping,39.694916666666664,-105.02516666666666,39.69278269726112,-105.01809629802902
market 16 square turning vehicals to blake street 16th street curb lane buses only cholon modern asian tmobile for lease blake lodo district larimer square coors field free mall ride financed by first bank little finch cafe and bakery chipotle mexican grill rush bowls att entrance do not enter,39.75055555555556,-104.99916666666668,39.74216690718921,-104.99310059686687
littleton museum bacon social house cherry cricket littleton bible chapel romanos pizzarra gyros town littleton brewing company life center littleton charging station tellabs arapahoe county court north school depot art gallery los compitas mommas kitchen harmony spa silverlight ballroom vent salon amen cleaning bemis public library littleton immigrant resource center,39.61325,-105.0068611111111,39.615884071728004,-105.0036742220177
ariat stetson sidewalk closed ahead pedestrians cross over bus right turn only right turn only no rght turn on red seafood steaks cocktails shop sip and be merry carimer square holiday market ocean prime seafood steaks cocktails ocean prime left turn only no double turns one way the capital grille the capital grille the capital grille van leeuwen,39.748305555555554,-104.99861111111112,39.74017214448771,-104.99429362880777
street sweeping p this side 3rd friday april thru nov 8am 5pm tow away zone for sale rober l city and county of denver no trash dip street sweeping p this side 3rd thursday april thru nov 8am 5pm tow away zone stop hemp street sweeping p this side wenesday april thru nov 8am 5pm tow away zone street sweeping p this side 3 hurs ay april thru nov 8 am 5 pm tow away zone street sweeping tuesday april thru nov 8 am 5pm,39.70688888888889,-104.90347222222223,39.71074628575894,-104.91555465204485
innovage allinclusive care for the elderly age independently in your own home innovage innovage morrison rd alpine dental arts venture resources inc healthworx allstate novak insurance services zen den therapies rc basement highland tattoo sacred roots massage dennis sullivan state farm edward jones investmeents sotiros sotiros llc certified public accountants eagle point 2225 s wadsworth p right lane must turn right no construction traffic westwoods community church morrison road next signal sweet spot for a message creative outdoorcom the ride leased managed by hartford the mansion office complex accessaride no right turn on red healthworx touchstone dental and implants,39.67494444444444,-105.08147222222222,39.6702127903825,-105.06053695020766
in n out pine parker spa brokers golf carts murphy usa dial 511 slim chickens ee dance cleaners tailors chirpropractor mildhigh harley davinson trevey commercial uhaul state farm smoker friendly 20 mile taphouse antiques for sale spas fireplaces saunas swim spas awaken chiropractic calla lane lees tailor alterations locker room cleaners lets get you into hot water golf carts milehigh harley davidson state farm auto home life health bank business financial services smoker friendly check into cash pine lane future commercial development space available kamen realty ,39.50030555555555,-104.76186111111112,39.51400927912229,-104.78338862091319
crossfit park hill junk removal free estimates we buy junk cars abass hair supply hair supplies coin laundry coin laundy roadside service jamaican jerk rasta gold chicken house buffalo style jalapeno rings fried green tomatoes u dirty it we clean it laundromat private propery no trespassing buffalo bills wings and things alignment and tires cash paid for old motorcycles dead or alive,39.74016666666667,-104.90347222222223,39.73452877349622,-104.90645244602325
yolo rum you only leave once original myxed up creations studio home of myxed up media private office lofty expectation llc e colfax ave studio of yolo rum yolo podcast back to the digital yolo rum azul yolo rum razz yolo rum you only live once enjoy responsibly yolo rum yummy private office taxes tax service bookkeeping irs efile copias closed open mouna hair braiding beauty supply mouna hair braiding beauty supply open liquor liquor open coors light monaco 2 shots in every can get some yolo rum fireball whisky budweiser jose cuervo jose cuervo 21 recreational marijuana dispensary 1 hr parking 8am 6pm sun hol exc no parking any time tow away zone cash paid for old motorcycle dead or alive smile youre on camera private parking sas pure marijuana dispensary 8am midnight everyday 21 only private parking denver auto and paint famous pizza subs subs salads calzones wings gyros smile youre on camera no parking any time tow away zone office freaky tattoos piercings tattoo piercing piercing pipes abyssinia ethiopian restaurant restauraunt and lounge botnica yerbera el secreto universal wwwtuvidaespiritualcom e colfax abyssinia ethiopian restaurant open open serving the denver metro area fast effective and always advanced advanced locksmith automotive commercial residential phoencan kebab phoencan kebab denver mediterranean cuisine delicious mediterranean cuisine we are clean safe we buy junk cars junk removal scrubbles selfservice car wash mastercard visa american express discover contactless touchfree payments spot free rinse office denver auto body exit only clearance 83 peloton live studio fitness from the comfort of home street sweeping p this side 3rd wednesday apr thru nov 8am 5pm tow away zone no parking any time tow away zone street sweeping p this side 3rd tuesday apr thru nov 8am 5pm tow away zone,39.74013888888889,-104.92169444444446,39.733756603613145,-104.93352963017537
propane fast fill fast pay now hiring delivery drivers coca cola,39.68216666666667,-105.10025,39.682809808545585,-105.08352221431967
auto zone look it up slaughterhouse pollution denver capitol liquors thick as thieves denver solace meds feel whole stoners pizza joint the ride open capitol liquors no parking torres vapes herbal daze smoke shop open denver key and lock smoke shop tobacco accesories top herbal daze atom anointed beauty salon walkins welcome hands shampoos autozone,39.74016666666667,-104.93388888888887,39.73569132792204,-104.93464811695814
lincoln ave parker rd dunkin donuts walgreens att murdochs skyzone tokyo joes wingstop ritas ice cream tsg auto mykids dentist yeild triple aaa pharmacy 24hr inspire animal hospital napa lady janes uhaul lincoln ave parker rd tsg auto mattress kingdom elite retailer outdoor kitchen showroom thermador appliance factory fine lines north 83 starbucks coffee drive thru available tanner gun show douglas county fairgrounds parker modern dentistry now open saturdays 59 my kids dentist orthodontics new patients speed limit 40 available walgreens pharmacy 24 hr wingstop ritas parker f45strainingcomparker coming soon golden triangle italian ice frozen custard uptown denver centennial east foodservice equipment service legacy hills church,39.53711111111111,-104.76805555555556,39.54637448937831,-104.78714753411765
dartmouth ave bear creek park no stopping any time tow away zone school speed limit 20 700 to 900 am 200 to 400 pm school holidays excepted passenger loading only all 7 am to 5 pm sabin world school d22 no parking any time tow away zone one sylvia blanchard,39.65886111111111,-105.04438888888888,39.66858569976681,-105.03492566537719
novacane tony pho miracle touch kim son jewelers gio cha cali vanguardin millenium trenz wineless denvers smokesvapes asia center golden pho grill united insurance group hairdo bale sandwhich lollicup hong kong barbecue advanced r pharmacy golden eye optical mile high western wear saigon supermarket the kasual hair salon pho 555,39.698611111111106,-105.02508333333331,39.69425830471369,-105.01472156404185
torchys tacos now opening at 8am chewys target chase dreamlab torchys torchys,39.717083333333335,-104.90369444444444,39.71400147805136,-104.90667260658742
city buffet peak kia peak honda world boot barn phil long ford denver walmart costco lake havern school michaels papa jhons firestone autpshop crystal nail kung fu tea crumbl cookies charging station noodles and company nissan nissan parts store schomp nissan republic services chase bank raising canes one love marston park plaza city buffet mongolian sushi seafood turn style consignment stores americas best contacts eyeglasses cricket little caesars wag n wash nail talk 3000 margaritas cleaners shoe repair tailoring allstate usps for lease do not enter hacienda colorado fitness jack in the box kidstrong cell phone repair kids club furniture clothing creer family dentistry vitalant stop notice edible kia,39.62416666666667,-105.09116666666668,39.626852492700934,-105.0740392397342
tmobile driver license essential pet snarfs king soopers parker road cottonwood xfinity trader joes crown point whole foods att raising canes sportsmans mattress firm insurance sarms stride edible arrangements pharamacy wells fargo,39.55866666666667,-104.78,39.56656341568118,-104.79551041891273
pollo pincante irvings salon century square little ceasears propane 7 eleven right lane must turn right sobador y huesero ciatica torceduras enpacho ovarios reparacion de caltada don pepe insurance open nutricion creativa te ramos reparacion de caltada auto accessories and sound tacos baberia latinos open tortas burritos quesadillas centro del vaquero premiere club,39.74019444444445,-104.86583333333331,39.73369319856552,-104.871039787927
dayton st montview blvd mercado azteca sper carniceria abierto todos los dias tacos y burritos sinclair plumbing heating tacos gorditas burritos tortas desayunos quesadillas rico menudo sabado y domingo masons dumpling shop bar el atoron tr liquors dollar party daisy coin laundry liquors coca cola dinocare high preformance gasoline welcome home finish what you started open every day,39.74744444444445,-104.87527777777775,39.74224867889327,-104.88198221335068
tacos sos alcapuloulco tacos y pupusas no tresspassing closed la rue motel tv kitchen office room for rent come in do not tresspass injured the wilhite law firm were hiring apply at carrersautozonecom autozone millitary discount save 15 batteries starting at 7999 oil filter starting at 2999 biltmore motel low rates free movies clean rooms noise ordenance enforced 777 corner mart smoke rgk right on the money no trespassing thank you for your buissness thank you for your buissness thank you for your buissness now leasing 12345 bedroom apartments archway colfax and yosimite st stop,39.74019444444445,-104.8846388888889,39.73266408448163,-104.89125562448905
malloys bar and grill starbucks meadows plaza open space and park tu casa mexicana restaurant chatfield senior high heritage multi use methodist church hot tub outlet chatfield eye care basler services maxson engineering usps atm baseball field tennis courts mountains golf course veterans monument shaffer elementary school las dalias family mexican restaurant asian chefs,39.58088888888889,-105.12908333333333,39.588953320057136,-105.10670103988271
arapahoe road arapahoe road top golf top golf   top golf top golf culvers culvers autozone autozone echo park automotive echo park automotive toyota toyota araprahoe araprahoe mc donalds mc donalds circle k circle k araprahoe coners araprahoe coners pizza hut pizza hut liquor liquor korean resturant korean resturant naan curry grill naan curry grill fed ex fed ex blue frog plumbing blue frog plumbing out back steak house out back steak house discount tires discount tires dickeys barbecue pit dickeys barbecue pit e araprahoe e araprahoe mazda mazda conoco conoco,39.59513888888889,-104.86677777777776,39.600132003935414,-104.87224763954599
anne sandovol insuracnce agency state farm mission viejo holy love luthueran church chambers e chambers sunday service holy love luthueran church kindergarten and preschool upk provider colorado shaders private christian education serving ages 36 director stephanie optical gallery salon,39.64033333333333,-104.81027777777776,39.64329685050489,-104.82673048521463
car wash car wash mc donalds big bills ny pizza m 911 the day of giving open wild basil asian restraunt los dos portrillos mexican restruant tae kwon doe diseipline coneidece 7205321538 handicap parking only focus open a clip above lifechurch south denver,39.56608333333333,-104.92308333333334,39.57970144523245,-104.93097721831614
arapahoe high school boys lacrosse playoffs papa murphys take n bake pizza come on in were open udom thai no smoking little georges mexican restauraunt live music roberts happy spring happy hour daily 36 pm margaritas open supplement giant lean kitchen company delicious meals for onthego no added sugar no preservatives never frozen stay on track meal lean options open massage walk ins welcome cloud bar smokes and vapes open daily monday saturday 900 am 1100 pm star tailor and cleaners european tailoring house goods cleaning special nails full service for men and women the bball games social house arc thrift store rolling smoke bbq dry creek liquors liquor sunday cakeheads jj jimmy johns free smells sushi open mochinut more than just a donut yeild dollar tree planet fitness liquor store hair and nail salon blackjack pizza barber shop chineese resturant pro vision eyecare taku sushi university towne center adoptastreet burger king white lotus tattoo gold rush we buy gold silver and diamonds cherrywood tailor tailor wedding dress dry creek walk ins welcome j b building company provision eye care eddy najar od hexing garden chinese restauraunt in essence nails and hair star and sitara beauty salon brow lash skincare walkins welcome nails and spa liberty morgatge group common sense lending dollar tree unit 101 fit kitchen cakeheads cake love the taste love the love larkburger space for lease free smells stop,39.58066666666667,-104.96036111111113,39.58880382804284,-104.9668081559604
walgreens right lane must turn right shotokan karate dojo american shotokan karate federation colorado open s peoria st turning vehicles e mississippi ave powderhorn square meskerem restaurant liquor fade n shave barbershop cricket village east grocery tobaccocigarettes accessories cigarrospurostarjetas telefonicas meskerem bar restaurant burger king flame grilling since 1954 safeway,39.69663888888888,-104.84713888888888,39.69383551239465,-104.86045965303266
eyecare consultations interstate 25 north arapahoe rd interstate 25 north south arapahoe rd exit only uhaul gv e arapahoe road no turn on red 6am 8am 4pm 6pm only only only gv e arapahoe road right lane must turn right no turn on red 6 am 8 am 4 pm 6 pm king soopers fresh for everyone 8586 e arapahoe rd eyecare consultants centennial vapor united nails eyelash feel free modern market eatery daves hot chicken 1st bank yosemite king soopers papa johns texas massage red robin united nails eyelash centennial vapor vision surfer eyecare consultants officials 8586 e arapahoe rd united nails eyelash centennial vapor vision surfer taco bell breakfast taco bell solera salon and spa,39.59494444444445,-104.88891666666667,39.60191679385545,-104.89077641495396
alameda ave s broadway one way turning vehicles mcdonalds book mall subway sinclair silco fuels diesel car wash atm sinclair oreilly auto parts orcas tattoo festival villainartscom july 8th 10th car wash entrance,39.71116666666667,-104.98761111111112,39.70926645259874,-104.98313362742645
do not enter nails bar fuzzys taco shop jersey mikes pine bluffs drive thru orange theory orange theory starbucks advanced auto parts breakes pluss 20260711 000000 sinclair hess parker county meadows square discount tire wrong way scissors scotch mugi ramen poke hess rd invisible sally jobe level up orthodontics jersey mikes subs robeks juice pine bluffs fuzzys taco shop south parker er health one wrong way yield pizzeria drive thru behavioral innovations inta juive liquor statefarm casa mata cuts for kids 327 conoco town of parker adoptastreet program one way trucks use next entrance service street breaks service detour right lane must turn right,39.49308333333333,-104.76030555555556,39.50955574811677,-104.77354763520924
11th ave syracuse st no turn on red uhaul syracuse liquors beer wine spirits voodoo ranger syracuse liquors rentals no parking any time walia creamery dawn driving school open syracuse market santos cafe mexican grill garden court community    ,39.73291666666667,-104.89880555555555,39.72688499481233,-104.906924812495
moline corner store coffee phone cards donuts tarjetas telefonicas envio de dinero milk cigarrettes leche cigarros money orders hielo metro by tmobile cash 4 gold tacos el zacatecano milanesa de pollo menudo tacos tortas burritos sopes tripas lengua chorizo gold center compramos we loan jewlery guns tvs tacos jalapa risas dental braces el mercado de colorado tacos produce panderia tortilleria carnerceria crystal gas we are open peoples pawn and jewlery compramos ora taxes insurance masajes tortas tacos y burritos pawn shop bienvenidos a la cascada agencia de empleados en hoteleria go america storewide sale,39.74019444444445,-104.85411111111112,39.737511730445696,-104.85998836093472
cb2 jacquard kentwood real estate element home anb plaza hapa sushi grill and sake bar piatti restoratnte and bar the hunt is over we found it for you 2024 fall collection stop all way saint paul st boffi denver rental alpine bank no parking thursday street sweeping 2am6am tow away zone no parking anytime fire lane 3 hr paid parking 8am7pm second ave essence nail lounge clmbr,39.71941666666667,-104.951,39.71862030372022,-104.95687217346847
11th ave yosemite st 7 eleven slurpee taw win restaurant 7 eleven laundromat cleaners coin laundromat security cameras in use no public restroom coinop bienvenidos drop off self service wash folding large load washers lavadoras grandes open customer parking only global grocery mart stanly marketplace gotham greens second dawn brewing co the hayes house of hope glisside coffee company square park roots king soopers bluff lake care now urgent care hillary wheat photography f15 park central park rec center side parking lot arrowhead park prairie uplands park sand creek river tag burger bar lagree lux central park mlk jr bulivard,39.73286111111111,-104.88475,39.72597001529887,-104.89538453893303
3rd ave stop speed limit 25 over 7000 lbs empty wt no parking any time no soliciting no soliciting exit for sale neighborhood watch and operation idenitification rip gutters 15 mph,39.72102777777778,-104.92580555555556,39.718120771762614,-104.9308259555704
mango tree coffee smokin fins main street antiquara inside scoop creamery giggleblossom boutique elsewear collective four paws holistic therapy brothers construction mi tea ross lynch home improvement store intea playa bowls tease hair salon the alley denver beer co littleton black hous tavern makeup by heather b littleton cleaners reinke brothers famous amos tacos,39.61372222222222,-105.01622222222224,39.619531570161385,-105.01314149823939
worthy ranch stables private drive no trespassing for rent mobile home road work ahead trevey commerical right lane must turn right grace lutherin missouri synod lennar newlin crossing stop yeild douglas county schools stadium chambers tree city usa welcome to parker newlin gulch kneaders bakery cafe bok finacail braucher chase fountainhead a driving school mcdonalds end fines double in work zones stbank wells fargo tacobell nails optical inner strength pilates 45 speed limit land title banking lending investing atm the corriere group adoptastreet program town of parker redbull brauchler for district attorney the ride john carson stretch lab  friends crossroads alink dancing noodle thia,39.51886111111111,-104.76508333333334,39.53197342468057,-104.78274849862612
hess jordan horse creek mac scd corp public notice right lane must turn right adoptastreet program cristine josh murphy right lane closed ahead truckers engine compression brake use prohibbited speed limit 45 pods moving storage,39.492916666666666,-104.79383333333332,39.507308946404976,-104.80313429536194
caffee terracotta curtice village true find boutique born2bake smokin fins panzeys spices true tailor kates wine bar 5280 crystals executive barber united states postal service dirt coffee bar view house nationwide market service evergreen motel mcdonalds mobil pro auto care snarfs sandwiches melting pot littleton crossing apartments,39.61372222222222,-105.01841666666668,39.61779185714007,-105.00842744636599
pet place vet clinic einstein bros cassa vartilla east bank sc furniture row denver mattress nature box pet emporium bluesky auto sales adventure cycling monroes art studio shop creek no mow worries lawn care twisted egg on the way masters danewood sagebrush elementary school windsor meadow hills apartments e quincy ave adventure town childcare mama josie grease monkey,39.647305555555555,-104.82888888888888,39.65007720587609,-104.84521138834147
the shade store california closets design studio second avenue winter wonderland cherry creek north yeti 3 hour paid parking no parking 2 am to 6 am milwauke street shops lights bites cherry creek north life is sweet rag and bone winter coming 2425 dion nails no parking anytime 3 hour paid parking milwaukee st tavern stop thrive dion nails 3 hour paid parking anb plaza stop,39.71941666666667,-104.95219444444444,39.717929628525866,-104.95279504997175
olive garden 2nd and charles fontana sushi top rated tj maxx total wine and more city buffet crumbl peak kia schomp nissan wendys peak honda world sams club circle k gyros and grill lenscrafters rice n roll frenzi dillards bounce and play starbucks coffee target super center bmo bank goodtimes burgers frozen custard exit only flavored lemonades featured burger made with two real eggs beer battered onion rings banana shakes 85000901 000000 goodtimes now hiring open availability 1300 boston market rotisserie chicken curbside pickup best buy geek squad no parking the home depot westlake greens luxury apartment homes leasing office wwwwestlakegreensaptscom bears car wash detail center bone fish grill handicapped parking only petco grooming ski snowboard bike epic mountain gear denver mattress lc liquor avis budget angelic nails wingstop happy pho the shay studio,39.61836111111111,-105.0912222222222,39.62686826772723,-105.07979397427931
girton ave common spirit emergency and urgent care natural grocers,39.65580555555555,-105.08127777777776,39.660241008652704,-105.06539414319164
midfirst bank key bank 1st ave cook st olive finnch a vet for the people of denver stop yield here to cross state law within crosswalk free valet parking lobby drive thru atm we install christmas lights christmas lights instillation for lease office space blake holcomb brian huff cbre no parking anytime fire lane tow away zone kohler speed limit 30 center lane only salon lofts key bank parking only for customers doing current onsite busniess violators will be towed at vehicel owners expense 101 asian fusion dinein takeout delivery,39.71780555555556,-104.94741666666668,39.71292779727364,-104.9497582012589
sheridan mississippi quicktrip uhaul center uhaul center one way marlboro 7 eleven firsr cash pawn webuyanycarcom frank azar fired cannabis fired cannabis lakewood speed limit 20 mph unless as posted tamale kitchen tamale kitchen speed limit 35 harts corner mississippi ave liquor store liquor tamales moreno mexican food,39.696888888888886,-105.05325,39.69491882697587,-105.03935833356415
tycoon ramen sushi happy hr menus fork and spoon denver drug and liquor store cold beer spirits buy and sell bitcoin corona jerrys record exchnage satellite bar come in and grab a per sierra nevada brewingco capitol hill books new house hotel denvers best burger city grille for sale 303 832 1092 danks a lot anti genius league road work ahead tasty thai cathedral basilica fork and spoon open,39.740027777777776,-104.98236111111112,39.73214239717371,-104.97986951325527
e evans ave s quebec st e iliff ave right lane must turn right wing slingers romantix adult store turn right in 100 feet nara hookah lounge golden meds romantix tacoss liquors food gas conoco el jakalito carniceria panaderia abarrotes frutas y verduras massage ny salon barbers pawn king king of shawarma and kabob,39.67661111111111,-104.90358333333334,39.674917812635755,-104.90354082388097
